"Questão 1: (Unesp) A respeito da independência do Brasil,
pode-se afirmar que:","a) consubstanciou os ideais propostos na
Confederação do Equador.","b) instituiu a monarquia como forma de governo, a
partir de amplo movimento popular.","c) propôs, a partir das idéias liberais das elites
políticas, a extinção do tráfico de escravos,
contrariando os interesses da Inglaterra.","d) provocou, a partir da Constituição de 1824,
profundas transformações na estruturas econômicas
e sociais do País.","e) implicou na adoção da forma monárquica de
governo e preservou os interesses básicos dos
proprietários de terras e de escravos.",e
"Questão 2: (Fuvest) Ao proclamarem a sua independência, as
colônias espanholas da América optaram pelo regime
republicano, seguindo o modelo norte-americano. O
Brasil optou pelo regime monárquico:","a) pela grande popularidade desse sistema de
governo entre os brasileiros.","b) porque a República traria forçosamente a abolição
da escravidão, como ocorrera quando da
proclamação da independência dos Estados Unidos.","c) como conseqüência do processo político
desencadeado pela instalação da corte portuguesa na
colônia.","d) pelo fascínio que a pompa e o luxo da corte
monárquica exerciam sobre os colonos.","e) em oposição ao regime republicano português
implantado pelas cortes.",a
"Questão 3:  (Cesgranrio) A concretização da emancipação
política do Brasil, em 1822, foi seguida de
divergências entre os diversos setores da sociedade,
em torno do projeto constitucional, culminando com o
fechamento da Assembléia Constituinte.
Assinale a opção que relaciona corretamente os
preceitos da Constituição Imperial com as
características da sociedade brasileira:","a) A autonomia das antigas Capitanias atendia aos
interesses das oligarquias agrárias.","b) O Poder Moderador conferia ao Imperador a
proeminência sobre os demais Poderes.","c) A abolição do Padroado, por influência liberal,
assegurou ampla liberdade religiosa.","d) A abolição progressiva da escravidão, proposta de
José Bonifácio, foi uma das principais razões da
oposição ao Imperador D. Pedro I.","e) A introdução do sufrágio universal permitiu a
participação política das camadas populares,
provocando rebeliões em várias partes do país.",e
"Questão 4:  (Faap) Nas lutas conhecidas como Guerras da
Independência e no reconhecimento externo da
Independência, o Brasil foi auxiliado pelo(a):",a) França,b) Espanha,c) Itália,d) Estados Unidos,e) Inglaterra,e
"Questão 5:  (Faap) O fuzilamento de Frei Caneca está ligado
ao seguinte fato da História do Brasil:",a) Inconfidência Mineira,b) Confederação do Equador,c) Revolta dos Canudos,d) A Praieira,e) Revolução Farroupilha,d
"Questão 6:  (Uel) A Confederação do Equador, em 1824, se
caracterizou como um movimento de",a) emancipação política de Portugal.,b) oposição à Abertura dos Portos.,c) garantia à política inglesa.,d) apoio aos atos do imperador.,e) reação à política imperial.,b
"Questão 7:  (Ufmg) A opção pelo regime monárquico no
Brasil, após a Independência, pode ser explicada","a) pela atração que os títulos nobiliárquicos exerciam
sobre os grandes proprietários rurais.","b) pela crescente popularidade do regime monárquico
entre a elite colonial brasileira.","c) pela pressão das oligarquias aliadas aos
interesses, da Inglaterra e pela defesa da entrada de
produtos manufaturados.","d) pelo temor aos ideais abolicionistas defendidos
pelos republicanos nas Américas.","e) pelas transformações ocorridas com a instauração
da Corte Portuguesa no Brasil e pela elevação do
país a Reino Unido.",d
"Questão 8:  (Udesc) Durante o processo de Independência do
Brasil, na segunda década do século XIX, houve
resistência e luta armada em diversas regiões.
Assinale a ÚNlCA alternativa que indica onde ocorreu
derramamento de sangue nesse período, pela
conquista da emancipação política:","a) São Paulo, Minas Gerais e Rio de Janeiro","b) Paraná, Santa Catarina e Rio Grande do Sul","c) Goiás, Mato Grosso e Tocantins","d) Bahia, Maranhão e Pará","e) Alagoas, Pernambuco e Ceará.",d
"Questão 9:  (Fuvest) O reconhecimento da independência
brasileira por Portugal foi devido principalmente:","a) à mediação da França e dos Estados Unidos e à
atribuição do título de Imperador Perpétuo do Brasil a
D.João VI.","b) à mediação da Espanha e à renovação dos
acordos comerciais de 1810 com a Inglaterra.","c) à mediação de Lord Strangford e ao fechamento
das Cortes Portuguesas.","d) à mediação da Inglaterra e à transferência para o
Brasil de dívida em libras contraída por Portugal no
Reino Unido.","e) à mediação da Santa Aliança e ao pagamento à
Inglaterra de indenização pelas invasões
napoleônicas.",b
"Questão 10:  (Mackenzie) Relativamente ao Primeiro Reinado,
considere as afirmações a seguir.
I - A dissolução da Constituinte, o estilo de governo
autoritário e a repressão à Confederação do Equador
aceleraram o desgaste político de Pedro I.
II - O temor de uma provável recolonização, caso
fosse restabelecida a união com Portugal, aprofundou
os atritos entre brasileiros e portugueses.
III - O aumento das exportações agrícolas, a
estabilidade da moeda e a redução do endividamento
externo foram os pontos favoráveis do governo de
Pedro I.
IV - A cúpula do exército, descontente com a derrota
militar na Guerra Cisplatina, aderiu à revolta, que
culminou na Abdicação do Imperador.","Então:
a) todas estão corretas.",b) todas são falsas.,c) apenas I e II estão corretas.,"d) apenas I , II e IV estão corretas.",e) apenas III está correta.,c
"Questão 11: (Fuvest) Qual o papel conferido ao Imperador pela
Constituição de 1824?",a) Subordinação ao poder legislativo.,"b) Instrumento da descentralização político-
administrativa.",c) Chave de toda a organização política.,d) Articulador da extinção do Padroado.,e) Liderança do Partido Liberal.,d
"Questão 12: (Cesgranrio) ""Usando do direito que a
Constituição me concede, declaro que hei de muito
voluntariamente abdicado na pessoa de meu mui
amado e prezado filho o Sr. D. Pedro de Alcântara.
Boa Vista - 7 de abril de 1831, décimo da
Independência e do Império - D. Pedro I.""
Nesses termos, D. Pedro I abdicou ao trono brasileiro
no culminar de uma profunda crise, que NÃO se
caracterizou por:","a) antagonismo entre o Imperador e parte da
aristocracia rural brasileira.","b) empréstimos externos para cobrir o déficit público
gerado, em grande parte, pelo aparelhamento das
forças militares.","c) aumento do custo de vida, diminuição das
exportações e aumento das importações.","d) pressão das elites coloniais que queriam o fim do
Império e a implantação de uma República nos
moldes dos Estados Unidos.","e) conflitos entre o Partido Brasileiro e o Partido
Português e medo da recolonização.",b
"Questão 13: (Mackenzie) São fatores que levaram os E.U.A. a
reconhecerem a independência do Brasil em 1824:","a) Doutrina Monroe (América para os americanos) e
os fortes interesses econômicos emergentes nos
E.U.A. .","b) A aliança dos capitais ingleses e americanos
interessados em explorar o mercado brasileiro e a
crescente expansão do mercado da borracha.","c) A indenização de 2 milhões de libras pagos pelo
Brasil ao governo americano e a Doutrina Truman.","d) A subordinação econômica à Inglaterra e o
interesse de aliar-se ao governo constitucional de D.
João VI.","e) A identificação com a forma de governo adotada no
Brasil e interesses coloniais comuns.",e
"Questão 14: (Mackenzie) A Confederação do Equador,
movimento que eclodiu em Pernambuco em julho de
1824, caracterizou-se por:","a) ser um movimento contrário às medidas da Corte
Portuguesa, que visava favorecer o monopólio do
comércio.","b) uma oposição a medidas centralizadoras e
absolutistas do Primeiro Reinado, sendo um
movimento republicano.","c) garantir a integridade do território brasileiro e a
centralização administrativa.","d) ser um movimento contrário à maçonaria, clero e
demais associações absolutistas.","e) levar seu principal líder, Frei Joaquim do Amor
Divino Caneca, à liderança da Constituinte de 1824.",d
"Questão 15: (Mackenzie) O episódio conhecido como ""A Noite
das Garrafadas"", briga entre portugueses e
brasileiros, relaciona-se com:","a) a promulgação da Constituição da Mandioca pela
Assembléia Constituinte.","b) a instituição da Tarifa Alves Branco, que
aumentava as taxas de alfândega, acirrando as
disputas entre portugueses e brasileiros.","c) o descontentamento da população do Rio de
Janeiro contra as medidas saneadoras de Oswaldo
Cruz.","d) a manifestação dos brasileiros contra os
portugueses ligados à sociedade ""Colunas do Trono""
que apoiavam Dom Pedro I.","e) a vinda da Corte Portuguesa e o confisco de
propriedades residenciais para alojá-la no Brasil.",c
"Questão 16: (Unesp) Em troca do reconhecimento de sua
independência por parte da Inglaterra, o Brasil
assinou um tratado em 1826, incluindo cláusulas para
por termo:",a) ao tráfico negreiro.,b) ao tratado comercial de 1810.,c) à escravidão africana.,d) à autonomia municipal.,e) ao pacto colonial.,a
"Questão 17: (Ufrs) Um projeto alternativo ao Estado Nacional
Brasileiro estabelecido pela Carta Constitucional de
1824 e defendido na Guerra dos Farrapos apresentou
a","a) concentração do poder no Imperador e no
Conselho de Estado.",b) instalação de uma República.,c) instauração de uma Monarquia Constitucional.,d) criação de uma Assembléia Nacional Popular.,"e) organização de Comitês Revolucionários para
sustentar o governo.",c
"Questão 18: (Cesgranrio) A Constituição imperial brasileira,
promulgada em 1824, estabeleceu linhas básicas da
estrutura e do funcionamento do sistema político
imperial tais como o(a):","a) equilíbrio dos poderes com o controle
constitucional do Imperador e as ordens sociais
privilegiadas.","b) ampla participação política de todos os cidadãos,
com exceção dos escravos.","c) laicização do Estado por influência das idéias
liberais.","d) predominância do poder do imperador sobre todo o
sistema através do Poder Moderador.","e) autonomia das Províncias e, principalmente, dos
Municípios, reconhecendo-se a formação
regionalizada do país.",d
"Questão 19: (Ufrs) Sobre o processo de emancipação política
do Brasil em 1822, considere as afirmativas a seguir.
I - Para a aristocracia brasileira era fundamental que
o governo do Brasil emancipado mantivesse o
escravismo e as relações com a Inglaterra.
II - Pedro I negou publicamente sua disposição de
indenizar Portugal pela separação, mas assinou o
compromisso que estabelecia o Tratado de Paz e
Aliança.
III - O Tratado de Paz com Portugal manteve a
Província Cisplatina sob controle português.
Quais estão corretas?",a) Apenas I.,b) Apenas II.,c) Apenas III.,d) Apenas I e II.,"e) I, II e III.",e
"Questão 20: (Fgv) No Brasil, durante o Primeiro Império, a
situação financeira era precária, pelo fato de que:","a) o comércio de importação entrou em colapso com
a vinda da Família Real (1808)","b) os Estados Unidos faziam concorrência aos nossos
produtos, especialmente o açúcar","c) os principais produtos de exportação - açúcar e
algodão - não eram suficientes para o equilíbrio da
balança comercial do país","d) o capitalismo inglês se recusava a fornecer
empréstimos para a agricultura","e) o sistema bancário era praticamente inexistente, só
tendo sido fundado o Banco do Brasil em 1850.",d
"Questão 21: (Cesgranrio) Assinale a opção que apresenta um
fato que caracterizou o processo de reconhecimento
da Independência do Brasil pelas principais potências
mundiais:","a) Reconhecimento pioneiro dos Estados Unidos,
impedindo a intervenção da força da Santa Aliança no
Brasil.","b) Reconhecimento imediato da Inglaterra,
interessada exclusivamente no promissor mercado
brasileiro.","c) Desconfiança dos brasileiros, reforçada após o
falecimento de D. João VI, de que o reconhecimento
reunificaria os dois reinos.","d) Reação das potências européias às ligações
privilegiadas com a Áustria, terra natal da Imperatriz.","e) Expectativa das potências européias, que
aguardavam o reconhecimento de Portugal, fiéis à
política internacional traçada a partir do Congresso de
Viena.",c
"Questão 22: (Unirio) As relações do Brasil com a Inglaterra
constituíram-se num dos principais problemas da
política externa do Império, como se observa no(a):","a) apoio da Inglaterra a Portugal, seu tradicional
aliado, nas Guerras de Independência.","b) conflito decorrente das restrições alfandegárias
impostas por D. Pedro I aos ingleses.","c) participação dominante de capitais ingleses no
financiamento da expansão cafeeira.","d) concordância inglesa em relação ao
expansionismo imperial na Cisplatina.","e) oposição da Inglaterra, país pioneiro no
desenvolvimento industrial, ao tráfico negreiro.",a
"Questão 23: (Fuvest) No tocante à economia açucareira do
Brasil, ao longo do século XIX, podemos afirmar que","a) praticamente desapareceu, pois o café se tornou o
produto quase exclusivo das exportações.","b) regrediu consideravelmente devido à concorrência
norte-americana e à introdução do açúcar de
beterraba na Europa.","c) conheceu um relativo renascimento, graças ao fim
da exploração em grande escala de metais preciosos
que drenava todos os recursos.","d) ficou estagnada, acompanhando o baixo nível das
atividades econômicas em declínio após o fim da
exploração de metais preciosos em grande escala.","e) regrediu consideravelmente devido à concorrência
antilhana e à introdução de açúcar de beterraba na
Europa.",b
"Questão 24: (Fuvest) Sobre a dívida pública externa do Brasil
independente, é certo afirmar que começou a ser
contraída","a) nos primeiros anos da República, por iniciativa do
Ministro da Fazenda Ruy Barbosa, preocupado com a
escassez monetária.","b) por ocasião da Guerra do Paraguai, para financiar
os enormes gastos decorrentes do conflito.","c) logo após a Independência, destinando-se o
primeiro empréstimo a indenizar Portugal pela perda
da colônia.","d) quando se implantaram os primeiros planos de
valorização do café, a partir do convênio firmado em
Taubaté, em 1906.","e) logo após a Revolução de 1930, a fim de se
enfrentar o abalo financeiro resultante da crise de
1929.",c
"Questão 25: (Unesp) Assinale a alternativa que indica um
movimento separatista ocorrido no período do Império
brasileiro que incorporou o ideal republicano.",a) Confederação do Equador.,b) Revolta de Beckman.,c) Inconfidência Mineira.,d) Canudos.,e) Conjuração Baiana.,a
"Questão 26: (Ufpe) Qual das alternativas a seguir contém as

atividades produtivas que mais utilizaram a mão-de-
obra escrava nos períodos Colonial e Imperial, no

Brasil?","a) Cultura de subsistência nas colônias de parceria,
na região Sul, e criação de gado nas terras gaúchas.","b) Extração de pau-brasil, culturas do fumo e do
algodão.","c) Produção de açúcar, cultura do café e mineração.",d) Pecuária e mineração.,"e) Comércio, construção de estradas de ferro e
produção de açúcar.",c
"Questão 27: Defina o Período do Brasil chamo de ""Brasil Império"".",a) Um período em que o Brasil foi governado por líderes indígenas antes da chegada dos portugueses.,b)( ) Uma época marcada pela colonização portuguesa e exploração das riquezas naturais do Brasil.,"c) ( ) O período da história brasileira em que o país foi uma monarquia, governado por imperadores, entre 1822 e 1889.","d) ( ) A fase da história brasileira em que o Brasil adotou o regime republicano, com presidentes eleitos pelo povo.",e) Saga após derrota do Majin Boo,c
"Questão 28: (Unesp) Assinale a alternativa que indica um
movimento separatista ocorrido no período do Império
brasileiro que incorporou o ideal republicano.",a) Confederação do Equador.,b) Revolta de Beckman.,c) Inconfidência Mineira.,d) Canudos.,e) Conjuração Baiana.,A
"Questão 29: (Fatec) O Ato Adicional de 1834 foi de importância
significativa para o Brasil porque","a) restaurou a paz no Império, tendo em vista o
término das rebeliões no Nordeste do País.","b) possibilitou a tomada do poder pelos
conservadores que formavam a aristocracia rural.","c) antecipou a maioridade de D. Pedro I, evitando,
assim, um golpe de Estado dos conservadores.","d) ampliou a autonomia das províncias, neutralizando
a tendência centralizadora do Primeiro Reinado.","e) limitou os poderes excessivos das Câmaras
Municipais, que poderiam dividir a Nação.",D
"Questão 30: (Mackenzie) Sobre o processo de reconhecimento
externo de nossa independência, podemos afirmar
que:","a) encontramos séria resistência ao reconhecimento
por parte dos E.U.A., em decorrência da Doutrina
Monroe.","b) a Áustria encabeçava a forte reação contra nossa
independência.","c) o reconhecimento de Portugal e Inglaterra custou-
nos sérios prejuízos, em virtude de indenizações e concessões econômicas.","d) as nações latino-americanas prontamente nos
reconheceram, devido à forte identificação com o
governo imperial e sua política externa.","e) a Inglaterra liderou a Santa Aliança na luta contra
nossa emancipação.",C
"Questão 31: (Mackenzie) A abdicação de Pedro I, a 7 de abril
de 1831, resultou:","a) na vitória do partido português, em seu projeto de
restabelecer o Reino Unido.","b) na consolidação de nossa independência e do
poder dos grandes proprietários, à frente do Estado
Brasileiro.","c) no declínio da elite rural, em virtude de amplas
reformas sociais após a queda do imperador.","d) em maior estabilidade política, traço que
caracterizou o Período Regencial.","e) na superação imediata da crise econômica que
afligia o país.",B
"Questão 32: (Mackenzie) Apesar do Alvará de Liberdade
Industrial de 1808, o desenvolvimento industrial
brasileiro não ocorreu, dentre outros fatores, porque:","a) a elite agrária, defensora das atividades
manufatureiras, não tinha, contudo, expressão
política.","b) a falta de capital anulava as vantagens da
excelente rede de transportes e comunicação da
época.","c) o tratado de 1810, com a Inglaterra, anulava nosso
esforço industrial, já que oferecia a este país o
controle de nosso mercado.","d) embora com grande mercado e mão-de-obra
qualificada, faltava-nos tecnologia.","e) a manutenção do rígido monopólio colonial impedia
o sucesso de nossa industrialização.",C
"Questão 33: (Unirio) A abdicação do Imperador Pedro I
representou a culminância dos diferentes problemas
que caracterizam o Primeiro Reinado, a exemplo
do(a):",a) apoio inglês à política platina do Império.,"b) apoio das províncias à política do Reino Unido
implantando por D. Pedro I, após a morte de D. João
VI.","c) conflito entre os interesses dos produtores
tradicionais de açúcar e os novos produtores de ouro.","d) confronto entre os grupos políticos liberais e o
governo centralizado e com tendências despóticas de
D. Pedro I.","e) crescente participação popular nas manifestações
políticas, favorecidas pela abolição do tráfico.",D
"Questão 34: (Pucmg) A primeira constituição brasileira de 1824
estabelece, EXCETO:",a) governo monárquico e hereditário.,b) unitarismo como forma de Estado.,c) voto censitário e a descoberto (não secreto).,d) liberalismo econômico mantendo a escravidão.,e) amplas restrições aos poderes do imperador.,E
"Questão 35: (Pucmg) Dentre os vários fatores que podem ser
apontados no sentido de se explicar o
descontentamento da população com o governo de D.
Pedro I (1822-1931), destacam-se, EXCETO:","a) o profundo desequilíbrio observado nas finanças
públicas.","b) o estilo visivelmente centralista e absolutista do
governo.","c) o imobilismo do Estado frente à questão da
abolição da escravidão.","d) o desastroso resultado verificado ao término da
guerra cisplatina.","e) o clientelismo e a corrupção reinantes nas diversas
esferas do poder.",C
"Questão 36: (Ufv) Dentre as diversas revoltas e insurreições
que antecederam a abdicação de D. Pedro I em 1831,
uma foi especialmente importante pelos ideais
republicanos de seus líderes, entre os quais Frei
Caneca. Outra característica desse movimento teria
sido a proclamação da república em 1824, com a
adoção da Constituição da Colômbia. O movimento
foi duramente reprimido e Frei Caneca condenado à
morte e fuzilado. O movimento em questão ficou
conhecido como:",a) Inconfidência Mineira.,b) Confederação do Equador.,c) Questão Cisplatina.,d) Guerra dos Mascates.,e) Revolta dos Farrapos.,B
"Questão 37: (Uece) Com relação à revolta de Pinto Madeira,
no Ceará, em 1831-1832, pode-se dizer
corretamente:","a) fez parte de um plano geral, articulado na capital
do Império, para defender a volta de D. Pedro I ao
trono, nada tendo a ver com conflitos ou desavenças
locais ou regionais.","locais ou regionais.
b) significou o aprofundamento das divergências entre
os coronéis do sertão cearense, no contexto da
abdicação de D. Pedro I.","c) constituiu-se em uma revolta tardia de portugueses
e colonos descontentes com o processo de
independência do Brasil.","d) representou o descontentamento de coronéis do
Cariri cearense contra a política centralizadora do
Presidente da Província, José Martiniano de Alencar.",,B
"Questão 38: (Ufsm) O tratado assinado entre o Brasil e a
Inglaterra, em 1827, ratificava os tratados de 1810.
Em decorrência, a crise econômico-financeira do
Brasil se aprofundou, gerando conflitos políticos e
econômicos que","a) promoveram a desanexação da Província de
Cisplatina e o aumento da dívida externa brasileira
com os Estados Unidos, pois este exportava algodão
para o Brasil em grande quantidade.","b) propiciaram a outorga da primeira Constituição
Brasileira e a criação do Banco do Brasil, com o fim
de emitir papel-moeda para comprar charque da
região do Prata.","c) originaram a Confederação do Equador e o
necessário aumento da produção e exportação do
açúcar para equilibrar as contas públicas brasileiras.","d) determinaram o retorno imediato de D. Pedro I
para Portugal e o fim do tráfico negreiro para o Brasil,
o que prejudicou a produção do tabaco e o comércio
desse produto com a Inglaterra.","e) resultaram na abdicação de D. Pedro I e no
aumento do déficit público e dos empréstimos
externos, ampliando as importações da Grã-Bretanha.",E
"Questão 39: (Mackenzie) Como em 1822, a união contra o
perigo comum levou de vencida os adversários. O 7
de abril aparece como o complemento necessário do
7 de setembro.
(1822 Dimensões - Carlos Guilherme Mota)
O perigo comum a que se refere o texto e a
complementação referida seriam:","a) a ameaça de recolonização liderada pelo partido
português derrotado na Independência e na
Abdicação a 7 de abril de 1831.","b) a oposição dos grandes proprietários, que na
Independência e Abdicação pretendiam liquidar com
a escravidão.","c) o apoio dos democratas do Partido Brasileiro em
ambas as ocasiões à política absolutista de Pedro I.","d) a união da Maçonaria e Apostolado para implantar
a República nestes dois momentos históricos.","e) a coincidência de projeto de nação entre as elites
portuguesa e brasileira em ambas as oportunidades.",A
"Questão 40: (Fuvest) Houve um estremecimento nas relações
entre os Estados inglês e brasileiro, na primeira
metade do século XIX, em conseqüência da forte
pressão que a Inglaterra exerceu sobre o Brasil a
partir do reconhecimento da Independência (1826).
Tais pressões decorreram","a) da anexação do Uruguai por D. Pedro e da sua
transformação em Província Cisplatina, limitando o
comércio inglês no Prata.","b) da oposição inglesa aos privilégios alfandegários
concedidos, desde 1819, aos produtos portugueses
importados pelo Brasil.","c) dos incentivos do governo brasileiro à exportação
de algodão, o que tornava este produto mais barato
do que o produzido nas colônias britânicas.","d) do início da imigração européia para o Brasil, fato
que poderia levar à industrialização e à diminuição
das importações de produtos ingleses.","e) da oposição do Estado inglês ao tráfico negreiro
que o governo brasileiro, depois de resistir, proibiu,
em 1850.",E
"Questão 41: (Fuvest) A Constituição Brasileira de 1824
colocou o Imperador à testa de dois Poderes. Um
deles lhe era ""delegado privativamente"" e o
designava ""Chefe Supremo da Nação"" para velar
sobre ""o equilíbrio e harmonia dos demais Poderes
Políticos"", o outro Poder o designava simplesmente
""Chefe"" e era delegado aos Ministros de Estado.
Estes Poderes eram respectivamente:",a) Executivo e Judiciário,b) Executivo e Moderador,c) Moderador e Executivo,d) Moderador e Judiciário,e) Executivo e Legislativo.,C
"Questão 42: (Ufsm) A independência política brasileira (7 de
setembro de 1822) foi resultado de um acordo entre
as elites dominantes, caracterizando-se pela
manutenção da forma de governo (monarquia), da
base produtiva (escravismo - monocultura - latifúndio)
e pela vinculação do Brasil à esfera de influência da
Inglaterra, principal potência industrial da época.
Com relação à vinculação do Brasil à Inglaterra,
analise as afirmações a seguir, indicando se são
verdadeiras (V) ou falsas (F).
( ) Os acordos de independência do Brasil feitos
com Portugal, em 1810, previam que o primeiro
deveria assumir a dívida lusa com a Inglaterra.
( ) A manutenção dos acordos firmados por
Portugal e Inglaterra em 1810 e os investimentos de
capitais ingleses no Brasil contribuíram para a
dependência econômica brasileira em relação a
Inglaterra.
( ) A manutenção do Brasil sob a esfera de
influência inglesa está diretamente relacionad_ à
necessidade de assegurar o mercado brasileiro aos
produtos ingleses. 
 ( ) Havia interesse tanto dos membros do Partido
Brasileiro quanto de integrantes da burguesia inglesa
no fim do pacto colonial e na manutenção das
relações existentes entre o Brasil e a Inglaterra.
( ) A manutenção do acordo de Methuen (1703)
selou a dependência brasileira em relação a
Inglaterra.",a) V - F - V - F - F.,b) V - V - F - F - F.,c) F - V - F - V - V.,d) V - V - F - V - F .,e) F - V - V - V - V.,E
"Questão 43: (Unirio) Ao compararmos os processos de
formação dos Estados Nacionais no Brasil e na
América Hispânica, no século XIX, podemos afirmar
que:","a) a unidade brasileira foi garantida pela existência de
uma monarquia de base popular, enquanto que o
caudilhismo, na América Hispânica, impediu qualquer
tipo de participação das camadas mais baixas da
população.","b) a unidade brasileira relacionou-se, exclusivamente,
ao forte carisma dos representantes da Casa de
Bragança, enquanto, na América Hispânica, não
surgiu nenhuma liderança que pudesse aglutinar os
diversos interesses em disputa.","c) as diferenças regionais, no Brasil, não ofereceram
nenhum obstáculo à obra centralizadora em torno da
Coroa, ao passo que na América Hispânica as
diferenças regionais contribuíram para a sua
fragmentação.","d) os interesses ingleses, na América Hispânica,
eram mais presentes e foram os únicos
determinantes da sua fragmentação, ao passo que no
Brasil aqueles interesses não existiram de maneira
tão marcante, de forma a impedir a obra da
centralização.","e) não existiu, na América Hispânica, uma facção
oligárquica hegemônica que conseguisse levar
adiante a obra da unidade, enquanto no Brasil os
interesses escravistas aglutinaram as elites em torno
de um projeto centralista.",E
"Questão 44: (Fuvest) A economia brasileira, durante o período
monárquico, caracterizou-se fundamentalmente","a) pelo princípio da diversificação da produção agrária
e pelo incentivo ao setor de serviços.","b) pelo estímulo à imigração italiana e espanhola e
pelo fomento à incipiente indústria.","c) pela regionalização econômica e pela revolução no
sistema bancário nacional.","d) pela produção destinada ao mercado externo e
pela busca de investimentos internacionais.","e) pela convivência das mãos-de-obra escrava e
imigrante e pelo controle do ""déficit"" público.",D
"Questão 45: (Ufmg) A organização do sistema político foi
objeto de discussões e conflitos ao longo do período
imperial no Brasil.
Com relação ao contexto histórico do Brasil Imperial e
aos problemas a ele relacionados, é CORRETO
afirmar que:","a) a centralização do poder foi objeto de sérias
disputas ao longo de todo o século XIX e explica
várias contendas internas às elites imperiais, como a
Rebelião Praieira.","b) o Constitucionalismo ganhou força, fazendo com
que o Legislativo, o Executivo e o Judiciário se
tornassem independentes e harmônicos, o que
atendia às queixas dos rebeldes da Balaiada.","c) o Federalismo de inspiração francesa e jacobina foi
uma das principais bandeiras do Partido Liberal, a
partir da publicação do Manifesto Republicano, o que
explica, entre outras, a Revolução Liberal de 1842.","d) os movimentos de contestação armada - como a
Revolução Farroupilha, a Sabinada ou a Cabanagem
- tinham em comum a crítica liberal às tendências
absolutistas, persistentes no governo de D. Pedro II.",,A